<?xml version="1.0" encoding="UTF-8"?>
<!DOCTYPE mapper PUBLIC "-//mybatis.org//DTD Mapper 3.0//EN" "http://mybatis.org/dtd/mybatis-3-mapper.dtd">
<mapper namespace="com.example.mapper.BoardMapper">
	 <select id="list" resultType="com.example.domain.BoardVO">
	 	select * from tbl_board
	 	order by bno desc
	 	limit 0, 10
 	 </select>
 	  <select id="read" resultType="com.example.domain.BoardVO">
	 	select * from tbl_board
	 	where bno=#{bno}
 	 </select>
 	 <update id="updateViewcnt">
 	 	update tbl_board
 	 	set viewcnt=viewcnt+1
 	 	where bno=#{bno}
 	 </update>
 	 <update id="updateReplycnt">
 	 	update tbl_board
 	 	set replycnt=replycnt + #{amount}
 	 	where bno=#{bno}
 	 </update>
</mapper>