<?xml version="1.0" encoding="UTF-8"?>
<!DOCTYPE mapper PUBLIC "-//mybatis.org//DTD Mapper 3.0//EN" "http://mybatis.org/dtd/mybatis-3-mapper.dtd">
<mapper namespace="com.example.mapper.MessageMapper">
    <select id="sendList" resultType="com.example.domain.MessageVO">
       select m.*, uname
      from tbl_message m, tbl_user u
      where sender=#{uid} and receiver=uid
     </select>
     
      <select id="receiveList" resultType="com.example.domain.MessageVO">
       select m.*, uname
      from tbl_message m, tbl_user u
      where receiver=#{uid} and sender=uid
     </select>
     
     <insert id="insert">
     	insert into tbl_message(sender, receiver, message)
     	values(#{sender}, #{receiver}, #{message})
     </insert>
     
     <select id="read" resultType="com.example.domain.MessageVO">
       select m.*, uname
      from tbl_message m, tbl_user u
      where mid=#{mid} and sender=uid
     </select>
     
     <update id="updateReadDate">
     	update tbl_message
     	set readDate=now()
     	where mid=#{mid}
     </update>
     
</mapper>