<?xml version="1.0" encoding="UTF-8"?>
<!DOCTYPE mapper PUBLIC "-//mybatis.org//DTD Mapper 3.0//EN" "http://mybatis.org/dtd/mybatis-3-mapper.dtd">
<mapper namespace="com.example.mapper.ShopMapper">
	<select id="list" resultType="com.example.domain.ShopVO">
		select * from tbl_shop
		order by code desc
		limit 0, 5
	</select>
	<select id="read" resultType="com.example.domain.ShopVO">
		select * from tbl_shop
		where code=#{code}
	</select>
	<update id="update">
		update tbl_shop
		set title=#{title},price=#{price},
			image=#{image},content=#{content}
		where code=#{code}
	</update>
	<insert id="insert">
		insert into tbl_shop(code, title, price, image)
		values(#{code}, #{title}, #{price}, #{image})
	</insert>
</mapper>