<?xml version="1.0" encoding="UTF-8"?>
<!DOCTYPE mapper PUBLIC "-//mybatis.org//DTD Mapper 3.0//EN" "http://mybatis.org/dtd/mybatis-3-mapper.dtd">
<mapper namespace="com.example.mapper.ReplyMapper">
	<select id="list" resultType="com.example.domain.ReplyVO">
		select * from reply_user where bno=#{bno} order by rno desc limit #{start}, #{num};
	</select>
	<select id="total" resultType="int">
		select count(*) from tbl_reply
		where bno=#{bno};
	</select>
	<insert id="insert">
		insert into tbl_reply(bno, content, replyer)
		values(#{bno}, #{content}, #{replyer})
	</insert>
	<update id="update">
		update tbl_reply set content=#{content}, updateDate=now() where rno=#{rno}
	</update>
	<delete id="delete">
		delete from tbl_reply where rno=#{rno}
	</delete>
</mapper>