<?xml version="1.0" encoding="UTF-8"?>
<!DOCTYPE mapper PUBLIC "-//mybatis.org//DTD Mapper 3.0//EN" "http://mybatis.org/dtd/mybatis-3-mapper.dtd">
<mapper namespace="com.example.mapper.UserMapper">
	<select id="list" resultType="com.example.domain.UserVO">
		select * from tbl_user
		where uid like concat('%',#{word},'%') or uname 
		like concat('%',#{word},'%')
		limit #{start}, #{num};
	</select>
	<select id="total" resultType="int">
		select count(*) from tbl_user
		where uid like concat('%',#{word},'%') or uname like
		concat('%',#{word},'%');
	</select>
	<select id="read" resultType="com.example.domain.UserVO">
		select * from tbl_user where
		uid=#{uid}
	</select>
	<insert id="insert">
		insert into tbl_user (uid, uname, upass)
		values(#{uid},#{uname},#{upass})
	</insert>
	<update id="update">
		update tbl_user set uname=#{uname}, upass=#{upass}
		where uid=#{uid}
	</update>
	<delete id="delete">
		delete from tbl_user where uid=#{uid}
	</delete>
</mapper>