{
  "project_info": {
    "project_number": "1087146767091",
    "firebase_url": "https://ex10-4cf36-default-rtdb.firebaseio.com",
    "project_id": "ex10-4cf36",
    "storage_bucket": "ex10-4cf36.appspot.com"
  },
  "client": [
    {
      "client_info": {
        "mobilesdk_app_id": "1:1087146767091:android:2b8b265b9c20a65b9e3d86",
        "android_client_info": {
          "package_name": "com.example.ex10"
        }
      },
      "oauth_client": [
        {
          "client_id": "1087146767091-d71o940q3l6agaobsr940ab95lnbpll5.apps.googleusercontent.com",
          "client_type": 3
        }
      ],
      "api_key": [
        {
          "current_key": "AIzaSyCcuweI7Bf4qQzP1mUECk9bjexoz3rg7RM"
        }
      ],
      "services": {
        "appinvite_service": {
          "other_platform_oauth_client": [
            {
              "client_id": "1087146767091-d71o940q3l6agaobsr940ab95lnbpll5.apps.googleusercontent.com",
              "client_type": 3
            }
          ]
        }
      }
    },
    {
      "client_info": {
        "mobilesdk_app_id": "1:1087146767091:android:b9a8b9074af3e5c49e3d86",
        "android_client_info": {
          "package_name": "com.example.ex11"
        }
      },
      "oauth_client": [
        {
          "client_id": "1087146767091-d71o940q3l6agaobsr940ab95lnbpll5.apps.googleusercontent.com",
          "client_type": 3
        }
      ],
      "api_key": [
        {
          "current_key": "AIzaSyCcuweI7Bf4qQzP1mUECk9bjexoz3rg7RM"
        }
      ],
      "services": {
        "appinvite_service": {
          "other_platform_oauth_client": [
            {
              "client_id": "1087146767091-d71o940q3l6agaobsr940ab95lnbpll5.apps.googleusercontent.com",
              "client_type": 3
            }
          ]
        }
      }
    }
  ],
  "configuration_version": "1"
}