<?xml version="1.0" encoding="UTF-8"?>
<!DOCTYPE mapper PUBLIC "-//mybatis.org//DTD Mapper 3.0//EN" "http://mybatis.org/dtd/mybatis-3-mapper.dtd">
<mapper namespace="com.example.mapper.PostsMapper">
   <select id="list" resultType="hashmap">
      select * from posts order by id desc limit 0,5
   </select>
   <insert id="insert">
      insert into posts(title, userid, body)
      values(#{title}, "blue", #{body})
   </insert>
   <select id="read" resultType="com.example.domain.PostVO">
   	select * from posts
   	where id = #{id}
   </select>
   <update id="update">
   	update posts set title=#{title}, body=#{body}, wdate=now()
   	where id=#{id}
   </update>
   <delete id="delete">
   	delete from posts where id=#{id}
   </delete>
</mapper>
